TimeDate,People Count,People Limit Exceeded
2020-11-30 02:37:35.385097,[2],Yes
2020-11-30 02:37:43.516973,[3],Yes
2020-11-30 02:37:47.657378,[4],Yes
2020-11-30 02:38:08.622845,[4],Yes
2020-11-30 02:38:23.793237,[5],Yes
2020-11-30 02:38:28.140364,[6],Yes
2020-12-01 02:03:39.987904,[2],Yes
2020-12-01 02:03:46.354377,[3],Yes
2020-12-01 02:03:50.068761,[4],Yes
2020-12-01 02:04:18.646412,[4],Yes
2020-12-01 02:04:34.191717,[5],Yes
2020-12-01 02:04:38.289835,[6],Yes
2020-12-02 02:51:12.609357,[2],Yes
2020-12-02 02:51:20.226165,[3],Yes
2020-12-02 02:51:24.805352,[4],Yes
